{
    "model_type": "base",
    "accuracy": 0.9462222222222222,
    "evaluation_time": 43.66346597671509
}