{
    "train_loss": [
        0.3657996109114753,
        0.18761988224453396,
        0.16469028111563788,
        0.15329253271420798,
        0.14359764736758338,
        0.13791083178520203,
        0.13317423632674746,
        0.13145058345529767,
        0.12683513140148586,
        0.12443485903872384,
        0.12104075757662455,
        0.12113781985441843,
        0.11748786145846049,
        0.1152140664047665,
        0.11414074183305105,
        0.11305310167206659,
        0.11060696067810058,
        0.11139321777820588,
        0.10872089214589861,
        0.10667221202585432,
        0.10558261431323157,
        0.10566882857481638,
        0.1047762029449145,
        0.10153648657798767,
        0.10155126230584251,
        0.10073929847611321,
        0.09850531385474735,
        0.0979305868572659,
        0.09769734723965327,
        0.09728717686202791
    ],
    "train_acc": [
        0.8825777777777778,
        0.9300111111111111,
        0.9367555555555556,
        0.9401166666666667,
        0.9421333333333334,
        0.9447111111111111,
        0.9460111111111111,
        0.9461277777777778,
        0.9478,
        0.9487888888888889,
        0.9495,
        0.9494333333333334,
        0.9508944444444445,
        0.9507944444444445,
        0.9519555555555556,
        0.9522722222222222,
        0.9529444444444445,
        0.9526777777777777,
        0.9536833333333333,
        0.9542,
        0.9544888888888889,
        0.9550333333333333,
        0.9548888888888889,
        0.9560277777777778,
        0.9563,
        0.9558555555555556,
        0.9573111111111111,
        0.9573611111111111,
        0.9572666666666667,
        0.9575055555555556
    ],
    "val_loss": [
        0.16468936545319027,
        0.1492684238884184,
        0.12575530314114358,
        0.12519569379339615,
        0.11471987750132878,
        0.11099393461147944,
        0.10845819156037437,
        0.10583494761958719,
        0.10601167622643212,
        0.10358559886531697,
        0.1014567797349559,
        0.09976299682590696,
        0.10348276387403409,
        0.09643204234059279,
        0.09699410515257882,
        0.09383106169187361,
        0.09493298596950869,
        0.09123816791673502,
        0.08938635801772277,
        0.08698730579680866,
        0.09244764264895478,
        0.08936011556701527,
        0.08727770148879951,
        0.08809887275353281,
        0.08751616491129001,
        0.08864543347619475,
        0.08533410600407255,
        0.0861407371757345,
        0.08258189693755574,
        0.08374088857033186
    ],
    "val_acc": [
        0.9340277777777778,
        0.9401388888888889,
        0.95125,
        0.9509166666666666,
        0.9540833333333333,
        0.9549166666666666,
        0.9555277777777778,
        0.9553888888888888,
        0.9559166666666666,
        0.9566666666666667,
        0.9575277777777778,
        0.9573055555555555,
        0.9566666666666667,
        0.9599166666666666,
        0.9588611111111112,
        0.9601111111111111,
        0.9605555555555556,
        0.9617222222222223,
        0.9609722222222222,
        0.96275,
        0.9608055555555556,
        0.9620555555555556,
        0.9629444444444445,
        0.963,
        0.9635555555555556,
        0.9611388888888889,
        0.9634722222222222,
        0.9636111111111111,
        0.9643611111111111,
        0.9639444444444445
    ],
    "learning_rate": [
        0.00023345864076016249,
        0.00023345864076016249,
        0.00023345864076016249,
        0.00023345864076016249,
        0.00023345864076016249,
        0.00023345864076016249,
        0.00023345864076016249,
        0.00023345864076016249,
        0.00023345864076016249,
        0.00023345864076016249,
        0.00023345864076016249,
        0.00023345864076016249,
        0.00023345864076016249,
        0.00023345864076016249,
        0.00023345864076016249,
        0.00023345864076016249,
        0.00023345864076016249,
        0.00023345864076016249,
        0.00023345864076016249,
        0.00023345864076016249,
        0.00023345864076016249,
        0.00023345864076016249,
        0.00023345864076016249,
        0.00023345864076016249,
        0.00023345864076016249,
        0.00023345864076016249,
        0.00023345864076016249,
        0.00023345864076016249,
        0.00023345864076016249,
        0.00023345864076016249
    ],
    "epoch_time": [
        57.589571952819824,
        21.256911039352417,
        21.12925696372986,
        21.15817904472351,
        21.05645179748535,
        20.949738264083862,
        21.37855887413025,
        22.077710151672363,
        21.151196479797363,
        21.37977170944214,
        20.955722093582153,
        21.180147409439087,
        21.21402883529663,
        20.715369939804077,
        21.27674174308777,
        21.22359037399292,
        20.830060243606567,
        21.11230206489563,
        21.125267028808594,
        21.358640432357788,
        20.99860668182373,
        20.9367733001709,
        21.39454412460327,
        21.04247546195984,
        20.967690229415894,
        21.343680143356323,
        20.98264980316162,
        21.153191804885864,
        21.228020191192627,
        21.097341060638428
    ]
}