{
    "freeze_layers": 4,
    "lr": 0.00023345864076016249,
    "weight_decay": 7.873242017790835e-05
}