{
    "alpha": 0.47327236865873834,
    "freeze_layers": 6,
    "lr": 0.00019762189340280086,
    "temp_cat": 0.9168578594140873,
    "temp_class": 0.8557975442608168,
    "weight_decay": 2.9831684879606152e-05
}