{
    "0": {
        "precision": 0.6398340248962655,
        "recall": 0.771,
        "f1-score": 0.6993197278911565,
        "support": 1000.0
    },
    "1": {
        "precision": 0.7115858668857847,
        "recall": 0.866,
        "f1-score": 0.7812359043752819,
        "support": 1000.0
    },
    "2": {
        "precision": 0.9317953861584755,
        "recall": 0.929,
        "f1-score": 0.9303955933900852,
        "support": 1000.0
    },
    "3": {
        "precision": 0.9909456740442656,
        "recall": 0.985,
        "f1-score": 0.9879638916750251,
        "support": 1000.0
    },
    "4": {
        "precision": 0.9617706237424547,
        "recall": 0.956,
        "f1-score": 0.958876629889669,
        "support": 1000.0
    },
    "5": {
        "precision": 0.9401015228426396,
        "recall": 0.926,
        "f1-score": 0.9329974811083124,
        "support": 1000.0
    },
    "6": {
        "precision": 0.9511025886864813,
        "recall": 0.992,
        "f1-score": 0.9711209006363192,
        "support": 1000.0
    },
    "7": {
        "precision": 0.9705593719332679,
        "recall": 0.989,
        "f1-score": 0.979692917285785,
        "support": 1000.0
    },
    "8": {
        "precision": 0.9759036144578314,
        "recall": 0.972,
        "f1-score": 0.9739478957915831,
        "support": 1000.0
    },
    "9": {
        "precision": 0.9801390268123138,
        "recall": 0.987,
        "f1-score": 0.9835575485799701,
        "support": 1000.0
    },
    "A": {
        "precision": 0.9724137931034482,
        "recall": 0.987,
        "f1-score": 0.9796526054590571,
        "support": 1000.0
    },
    "B": {
        "precision": 0.9691542288557214,
        "recall": 0.974,
        "f1-score": 0.971571072319202,
        "support": 1000.0
    },
    "C": {
        "precision": 0.9723320158102767,
        "recall": 0.984,
        "f1-score": 0.9781312127236581,
        "support": 1000.0
    },
    "D": {
        "precision": 0.963673057517659,
        "recall": 0.955,
        "f1-score": 0.9593169261677549,
        "support": 1000.0
    },
    "E": {
        "precision": 0.9929789368104313,
        "recall": 0.99,
        "f1-score": 0.9914872308462694,
        "support": 1000.0
    },
    "F": {
        "precision": 0.9879518072289156,
        "recall": 0.984,
        "f1-score": 0.9859719438877755,
        "support": 1000.0
    },
    "G": {
        "precision": 0.9854166666666667,
        "recall": 0.946,
        "f1-score": 0.9653061224489796,
        "support": 1000.0
    },
    "H": {
        "precision": 0.9887869520897044,
        "recall": 0.97,
        "f1-score": 0.9793033821302373,
        "support": 1000.0
    },
    "I": {
        "precision": 0.820838627700127,
        "recall": 0.646,
        "f1-score": 0.7229994404029099,
        "support": 1000.0
    },
    "J": {
        "precision": 0.9748490945674044,
        "recall": 0.969,
        "f1-score": 0.9719157472417251,
        "support": 1000.0
    },
    "K": {
        "precision": 0.995987963891675,
        "recall": 0.993,
        "f1-score": 0.9944917376064096,
        "support": 1000.0
    },
    "L": {
        "precision": 0.9819639278557114,
        "recall": 0.98,
        "f1-score": 0.980980980980981,
        "support": 1000.0
    },
    "M": {
        "precision": 0.9890873015873016,
        "recall": 0.997,
        "f1-score": 0.9930278884462151,
        "support": 1000.0
    },
    "a": {
        "precision": 0.9890438247011952,
        "recall": 0.993,
        "f1-score": 0.9910179640718563,
        "support": 1000.0
    },
    "b": {
        "precision": 0.7318932655654383,
        "recall": 0.576,
        "f1-score": 0.6446558477895915,
        "support": 1000.0
    },
    "c": {
        "precision": 0.9830339321357285,
        "recall": 0.985,
        "f1-score": 0.984015984015984,
        "support": 1000.0
    },
    "d": {
        "precision": 0.9751984126984127,
        "recall": 0.983,
        "f1-score": 0.9790836653386454,
        "support": 1000.0
    },
    "e": {
        "precision": 0.9869215291750503,
        "recall": 0.981,
        "f1-score": 0.9839518555667001,
        "support": 1000.0
    },
    "f": {
        "precision": 0.9211295034079844,
        "recall": 0.946,
        "f1-score": 0.9333991119881598,
        "support": 1000.0
    },
    "g": {
        "precision": 0.9879638916750251,
        "recall": 0.985,
        "f1-score": 0.9864797195793691,
        "support": 1000.0
    },
    "h": {
        "precision": 0.9273422562141491,
        "recall": 0.97,
        "f1-score": 0.9481915933528837,
        "support": 1000.0
    },
    "i": {
        "precision": 0.9677083333333333,
        "recall": 0.929,
        "f1-score": 0.9479591836734694,
        "support": 1000.0
    },
    "j": {
        "precision": 0.9939698492462311,
        "recall": 0.989,
        "f1-score": 0.9914786967418546,
        "support": 1000.0
    },
    "k": {
        "precision": 0.9899598393574297,
        "recall": 0.986,
        "f1-score": 0.9879759519038076,
        "support": 1000.0
    },
    "l": {
        "precision": 0.9486404833836858,
        "recall": 0.942,
        "f1-score": 0.9453085800301053,
        "support": 1000.0
    },
    "m": {
        "precision": 0.9415911379657603,
        "recall": 0.935,
        "f1-score": 0.9382839939789263,
        "support": 1000.0
    },
    "accuracy": 0.943,
    "macro avg": {
        "precision": 0.9442657870278955,
        "recall": 0.9430000000000001,
        "f1-score": 0.9426407480365477,
        "support": 36000.0
    },
    "weighted avg": {
        "precision": 0.9442657870278959,
        "recall": 0.943,
        "f1-score": 0.9426407480365477,
        "support": 36000.0
    }
}