{
    "train_loss": [
        0.4759077990982268,
        0.21618940128750272,
        0.18787685242229038,
        0.17433297777970633,
        0.1632051997952991,
        0.15674096558358935,
        0.14923024396101633,
        0.1474235510190328,
        0.140891974012057,
        0.13745120393170251,
        0.13391403199301827,
        0.1339759113046858,
        0.1308860566695531,
        0.12665421340200636,
        0.12500700187948016,
        0.12248639300399357,
        0.12266334200567669,
        0.121293957373831,
        0.1195577677488327,
        0.11718849706119962,
        0.11563812484211392,
        0.11431744663185543,
        0.11331337505578995,
        0.11118174466556972,
        0.11025399559073978,
        0.1095216049167845,
        0.10830782763693068,
        0.10667034421761831,
        0.10633069337209065,
        0.10478671113120185
    ],
    "train_acc": [
        0.8583111111111111,
        0.9210722222222222,
        0.9289666666666667,
        0.9327055555555556,
        0.9366777777777778,
        0.9388055555555556,
        0.9402333333333334,
        0.9411444444444445,
        0.9429611111111111,
        0.9446277777777777,
        0.9457111111111111,
        0.9450222222222222,
        0.9466,
        0.9472833333333334,
        0.9484444444444444,
        0.9494055555555555,
        0.9490722222222222,
        0.9494777777777778,
        0.9500222222222222,
        0.9505388888888889,
        0.9513,
        0.9521388888888889,
        0.9524444444444444,
        0.9528833333333333,
        0.9535888888888889,
        0.9536055555555556,
        0.9538555555555556,
        0.9543722222222222,
        0.9543555555555555,
        0.9552
    ],
    "val_loss": [
        0.18216928459538353,
        0.15356437060568068,
        0.13609284896320767,
        0.12442276422844993,
        0.11962836974859238,
        0.11280736446380615,
        0.11301476146860255,
        0.10975939899682999,
        0.1069487685892317,
        0.10473308853805065,
        0.09974132604731453,
        0.09856336344612969,
        0.09721715422802502,
        0.09548009978897042,
        0.09206198055669665,
        0.09191420903553565,
        0.09430964845750067,
        0.09392401296065914,
        0.08819348325621751,
        0.0875370923752586,
        0.08762314879832168,
        0.08670574466139078,
        0.08884546269931727,
        0.08680096319814523,
        0.08537752822124296,
        0.08602179503771994,
        0.08395484876963827,
        0.0826400529820886,
        0.08024007881349987,
        0.08049824877021214
    ],
    "val_acc": [
        0.9315833333333333,
        0.9401111111111111,
        0.9471944444444444,
        0.9507222222222222,
        0.9528888888888889,
        0.9549166666666666,
        0.95375,
        0.9548888888888889,
        0.9567777777777777,
        0.9571111111111111,
        0.9586111111111111,
        0.9588888888888889,
        0.9596388888888889,
        0.9606111111111111,
        0.9607777777777777,
        0.9616388888888889,
        0.9615,
        0.9609722222222222,
        0.9628333333333333,
        0.9636388888888889,
        0.9630833333333333,
        0.964,
        0.9635833333333333,
        0.9638333333333333,
        0.9646388888888889,
        0.9641944444444445,
        0.9636111111111111,
        0.9652777777777778,
        0.9669444444444445,
        0.9668888888888889
    ],
    "learning_rate": [
        0.00019762189340280086,
        0.00019762189340280086,
        0.00019762189340280086,
        0.00019762189340280086,
        0.00019762189340280086,
        0.00019762189340280086,
        0.00019762189340280086,
        0.00019762189340280086,
        0.00019762189340280086,
        0.00019762189340280086,
        0.00019762189340280086,
        0.00019762189340280086,
        0.00019762189340280086,
        0.00019762189340280086,
        0.00019762189340280086,
        0.00019762189340280086,
        0.00019762189340280086,
        0.00019762189340280086,
        0.00019762189340280086,
        0.00019762189340280086,
        0.00019762189340280086,
        0.00019762189340280086,
        0.00019762189340280086,
        0.00019762189340280086,
        0.00019762189340280086,
        0.00019762189340280086,
        0.00019762189340280086,
        0.00019762189340280086,
        0.00019762189340280086,
        0.00019762189340280086
    ],
    "epoch_time": [
        56.63395619392395,
        21.078619241714478,
        20.93767499923706,
        20.82407546043396,
        20.86396837234497,
        20.89189314842224,
        20.72732377052307,
        20.74030089378357,
        20.69542098045349,
        21.01755690574646,
        20.783180475234985,
        20.953726530075073,
        20.99661374092102,
        20.77620530128479,
        20.97167992591858,
        21.004591464996338,
        20.935776233673096,
        20.985642671585083,
        21.1063175201416,
        20.953728199005127,
        20.99960422515869,
        20.9268000125885,
        20.882916927337646,
        20.923808097839355,
        20.88590908050537,
        21.09334945678711,
        21.136236429214478,
        20.816110134124756,
        21.028526782989502,
        21.07939887046814
    ]
}